{
  "particles": {
    "number": {
      "value": 260,
      "density": {
        "enable": true,
        "value_area": 800
      }
    },
    "color": {
      "value": "#ffffff"
    },
    "shape": {
      "type": "circle",
      "stroke": {
        "width": 0,
        "color": "#000000"
      },
      "polygon": {
        "nb_sides": 3
      },
      "image": {
        "src": "img/github.svg",
        "width": 100,
        "height": 100
      }
    },
    "opacity": {
      "value": 1,
      "random": true,
      "anim": {
        "enable": false,
        "speed": 1,
        "opacity_min": 0.1,
        "sync": false
      }
    },
    "size": {
      "value": 4.008530152163807,
      "random": true,
      "anim": {
        "enable": false,
        "speed": 40,
        "size_min": 0.1,
        "sync": false
      }
    },
    "line_linked": {
      "enable": false,
      "distance": 150,
      "color": "#ffffff",
      "opacity": 0.4,
      "width": 1
    },
    "move": {
      "enable": true,
      "speed": 1.5,
      "direction": "bottom",
      "random": true,
      "straight": false,
      "out_mode": "out",
      "bounce": false,
      "attract": {
        "enable": false,
        "rotateX": 600,
        "rotateY": 1200
      }
    }
  },
  "interactivity": {
    "detect_on": "canvas",
    "events": {
      "onhover": {
        "enable": true,
        "mode": "bubble"
      },
      "onclick": {
        "enable": true,
        "mode": "repulse"
      },
      "resize": true
    },
    "modes": {
      "grab": {
        "distance": 158.35505639876231,
        "line_linked": {
          "opacity": 0
        }
      },
      "bubble": {
        "distance": 109.63042366068159,
        "size": 8.120772123013452,
        "duration": 5.03487871626834,
        "opacity": 1,
        "speed": 3
      },
      "repulse": {
        "distance": 219.26084732136317,
        "duration": 0.4
      },
      "push": {
        "particles_nb": 4
      },
      "remove": {
        "particles_nb": 2
      }
    }
  },
  "retina_detect": true
}